{
  "command.datav.title": "DataV Developer Tool",
  "command.error.dirDuplicateName": "A folder with the specified name already exists.",
  "command.datav.version": "your nodejs version is {nodejsVersion}，please upgrate your nodejs to version between {minVersion}，{maxVersion}",
  "command.error.empty": "You must specify the value.",
  "command.error.setting": "An error occurred while adding the configuration.",
  "command.error.underline": "Underscores are not allowed.",
  "command.hello.npm": "If the version check speed is slow, use your own NPM image or run the following command to configure an NPM image: npm config set registry https://registry.npmmirror.com.",
  "command.init.comNameMessage": "Widget Name (It can contain letters, hyphen (-), and numbers. If the widget name you specified does not exist, a folder with the same name is created locally):",
  "command.init.descriptionMessage": "Widget Description:",
  "command.init.displayNameMessage": "Widget Display Name:",
  "command.init.exampleVersionError": "Your datav-cli version is {cliVerion}, but the remote widget list requires a datav-cli version of {remoteVersion}. Therefore, you may be unable to obtain the latest remote widget template. Upgrade your datav-cli or contact Alibaba Cloud technical support personnel.",
  "command.init.remoteError": "An error occurred while obtaining remote widget templates.",
  "command.init.success": "The widget has been created.",
  "command.init.templateMessage": "Select Template from Widget Template List",
  "command.init.versionError": "The latest version of {name} is {newVersion}, while your version is {nowVersion}.",
  "command.locale.setting": "What is your language?",
  "command.login.cover": "Override",
  "command.login.duplicateChoise": "Logon information of the specified account already exists. You can choose:",
  "command.login.illegal": "The specified alias is invalid.",
  "command.login.login": "Log On",
  "command.login.needNickname": "Do you want to set an alias?",
  "command.login.success": "You have logged on.",
  "command.login.tokenError": "The specified username or token is incorrect.",
  "command.login.groupIdError": "Your group Id is not validate value, please check token again",
  "command.preview.servicePortConflict": "You have already activated a service on this port. Open",
  "command.preview.serviceStart": "If the Web page is not automatically opened in the Google Chrome browser after the service is enabled, enter localhost:{port} in the address bar of the browser to open the Web page manually.",
  "command.publish.loginMessage": "If you have not logged on, run the [datav login] command to log on first.",
  "command.publish.publishing": "Publishing",
  "command.publish.regionError": "The specified region is invalid. Specify a valid region and try again.",
  "command.publish.regionMessage": "Publishing this widget to region: {region}",
  "command.success.setting": "Configuration has been completed.",
  "common.action.cancel": "Cancel",
  "common.comType.all": "All",
  "common.comType.area": "Area Chart",
  "common.comType.bar": "Bar Chart",
  "common.comType.boadTurning": "Ticker Board",
  "common.comType.chart": "Charts",
  "common.comType.description": "Classification description",
  "common.comType.digital": "Single Digit",
  "common.comType.favorite": "Favorite",
  "common.comType.force": "Force-Directed",
  "common.comType.groupSort": "Group and Sort",
  "common.comType.headline": "Headline",
  "common.comType.image": "Image",
  "common.comType.indicator": "Metrics",
  "common.comType.interact": "Interaction",
  "common.comType.label": "Title",
  "common.comType.line": "Line",
  "common.comType.map": "Maps",
  "common.comType.material": "Material",
  "common.comType.media": "Media",
  "common.comType.metrics": "Metrics",
  "common.comType.more": "More Widgets",
  "common.comType.others": "Others",
  "common.comType.pie": "Pie Chart",
  "common.comType.planeMap": "Plane mapping",
  "common.comType.progressBar": "Percentage Bar Chart",
  "common.comType.relationshipNetwork": "Networks",
  "common.comType.scatter": "Scatter Chart",
  "common.comType.secondaryImage": "Secondary Images",
  "common.comType.simpleSort": "Simple Sorting",
  "common.comType.table": "Table",
  "common.comType.text": "Text",
  "common.comType.tree": "Tree Chart",
  "common.comType.video": "Video",
  "common.login.duplicate": "The specified alias already exists.",
  "common.login.nickname": "Alias",
  "common.login.token": "Developer Token",
  "common.login.username": "UID",
  "command.login.server": "You are logging in to the custom service, please enter the server domain name.",
  "common.preview.bindableEvents": "Interaction Events",
  "common.preview.chartSize": "Size",
  "common.preview.chatInfo": "Basics",
  "common.preview.comType": "Widget Type",
  "common.preview.data": "Data",
  "common.preview.dataCompleted": "Completed",
  "common.preview.dataIncomplete": "Not Completed",
  "common.preview.dsConfComplete": "Completed",
  "common.preview.dsConfIncomplete": "Not Completed",
  "common.preview.dsDescription": "Description",
  "common.preview.dsField": "Field",
  "common.preview.dsMatchSuccessed": "Matched",
  "common.preview.dsMatching": "Matching",
  "common.preview.dsNoFoundField": "Field not found",
  "common.preview.dsOptional": "Optional",
  "common.preview.dsRandom": "Random",
  "common.preview.dsStatus": "Status",
  "common.preview.height": "Height",
  "common.preview.icon": "Icon",
  "common.preview.iconSize": "The recommended image dimension is 316 x 238 pixels. The image size must be smaller than 2 MB.",
  "common.preview.imageSize": "The image size must not exceed 200 KB.",
  "common.preview.interact": "Interact",
  "common.preview.interactDescription": "Field Description",
  "common.preview.interactNoAvailable": "No interaction events have been configured for this widget.",
  "common.preview.largeSize": "The data size must not exceed 512 KB.",
  "common.preview.minChartSize": "Min Size",
  "common.preview.minHeight": "Min Height",
  "common.preview.minWidth": "Min Width",
  "common.preview.noStyleMessage": "You have not configured any styles for this widget. Add a style in the package.json file.",
  "common.preview.public": "Public",
  "common.preview.publishFail": "An error occurred while publishing the widget.",
  "common.preview.publishSuccess": "The widget has been published.",
  "common.preview.save": "Save",
  "common.preview.style": "Configuration",
  "common.preview.syncFail": "An error occurred while synchronizing the widget.",
  "common.preview.syncSuccess": "The widget has been synchronized.",
  "common.preview.typeErrorMessage": "The selected widget type does not exist.",
  "common.preview.version": "Version",
  "common.preview.width": "Width",
  "command.version.localLatest": "The current locally used version {newVersion} is the latest version.",
  "command.package.success": "Package success",
  "common.gui.add": "Add",
  "common.gui.angle": "Angle",
  "common.gui.cancel": "Cancel",
  "common.gui.change": "Change",
  "common.gui.childAdd": "Add a Child Widget",
  "common.gui.childChoose": "Child",
  "common.gui.childManage": "Child Management",
  "common.gui.color": "Color",
  "common.gui.confirm": "OK",
  "common.gui.delete": "Delete",
  "common.gui.deleteImageConfirm": "Are you sure you want to delete this image?\n",
  "common.gui.dragFile": "Click to upload or drop files here",
  "common.gui.from": "from",
  "common.gui.globalColors": "Global Colors",
  "common.gui.globalColorsFull": "Full",
  "common.gui.gradientFill": "Gradient Fill",
  "common.gui.imageSize": "Click or drag image here to upload (image size shall not exceed 200K)",
  "common.gui.keyboardWarning": "Only supports single or double key combinations",
  "common.gui.listEmpty": "empty",
  "common.gui.max": "Max",
  "common.gui.min": "Min",
  "common.gui.notExist": "Not Exist",
  "common.gui.recentColors": "Recently Used",
  "common.gui.select": "Select",
  "common.gui.selectOrInput": "Select or input",
  "common.gui.setNewKeys": "Please enter the new trigger key(s)",
  "common.gui.solidFill": "Solid Fill",
  "common.gui.style": "Style",
  "common.gui.textUrl": "Input the URL of the image",
  "common.gui.to": "to",
  "common.gui.uploadExceed": "Please upload an image with size smaller than 2MB.",
  "common.gui.uploadFail": "Failed to upload",
  "common.gui.uploading": "uploading...",
  "common.gui.completeConfig": "Full config",
  "common.gui.simpleConfig": "Simplified config",
  "common.gui.simplifiedConfig": "Simplified configuration",
  "common.gui.edit": "Edit",
  "common.gui.back": "Back",
  "common.gui.abandon": "Are you sure to discard the current editing results?",
  "common.gui.previous": "Previous",
  "common.gui.next": "Next",
  "common.gui.focusInLeft": "Locate in the left panel",
  "common.gui.keepInSimple": "Keep in simplified configuration",
  "common.gui.removeFromSimple": "Remove from simplified configuration",
  "common.gui.upInSimple": "Level up",
  "common.gui.cancelUpInSimple": "Cancel level up",
  "common.gui.completeConfigPreivew": "Full configuration preview (read-only)",
  "common.gui.focusInRight": "Locate the configuration in the right tree",
  "common.gui.enterKeywords": "Enter the keywords",
  "common.gui.simpleConfigPreview": "Simplified configuration preview (read-only)",
  "common.gui.quickSetting": "Quick configuration",
  "common.gui.chartColor": "Color",
  "common.gui.chartFont": "Font",
  "common.gui.chartComplexity": "Complexity",
  "common.gui.fontFamily": "Family",
  "common.gui.fontWeight": "Weight",
  "common.gui.fontSize": "Size",
  "common.gui.fontColor": "Color",
  "common.gui.darkColor": "Dark",
  "common.gui.lightColor": "Light",
  "common.gui.L0": "Simple",
  "common.gui.L1": "General",
  "common.gui.L2": "Detailed",
  "theme.system.blue": "Blue",
  "theme.system.green": "Green",
  "theme.system.purple": "Purple",
  "theme.system.orange": "Orange",
  "theme.system.huilv": "Grey Green",
  "theme.system.hexu": "Genial",
  "theme.system.qingche": "Limpid",
  "theme.system.mingcai": "Colorful"
}
