{
  "command.datav.title": "DataV 開発ツール",
  "command.error.dirDuplicateName": "ウィジェットディレクトリはすでに存在します。",
  "command.error.empty": "空白にはできません。",
  "command.error.setting": "設定に失敗しました。",
  "command.error.underline": "アンダーラインは使用できません。",
  "command.hello.npm": "バージョンの確認が遅いと感じる場合は、npm イメージを設定することを推奨します。npm config set registry https://registry.npmmirror.com のコマンドでも任意のイメージを設定できます。",
  "command.init.comNameMessage": "作成するウィジェット名（アルファベット、 - 、数字）は:",
  "command.init.descriptionMessage": "ウィジェットの説明は:",
  "command.init.displayNameMessage": "作成するウィジェットの表示名は:",
  "command.init.exampleVersionError": "datav-cliのバージョンは{cliVerion}ですが、リモートコンポーネントリストには{remoteVersion}のバージョンが必要です。そのため、最新のコンポーネントテンプレートを入手できない可能性があります。 バージョンを更新するか、テクニカルサポートにお問い合わせください。",
  "command.init.remoteError": "リモートウィジェットテンプレートの取得に失敗しました。",
  "command.init.success": "ウィジェットが作成されました。",
  "command.init.templateMessage": "ウィジェットテンプレートから作成するウィジェットを選択してください。",
  "command.init.versionError": "{name}の最新バージョンは{newVersion}で、現在のバージョンは{nowVersion}です。",
  "command.locale.setting": "あなたの言語は？",
  "command.login.cover": "カバー",
  "command.login.duplicateChoise": "このアカウントの情報はすでに存在します。こちらでよろしいですか。",
  "command.login.illegal": "エイリアスが正しくありません。",
  "command.login.login": "ログイン",
  "command.login.needNickname": "エイリアスを設定しますか。",
  "command.login.success": "ログインに成功しました",
  "command.login.tokenError": "ユーザー名またはトークンのエラー",
  "command.preview.servicePortConflict": "ポートが競合しています。すでにこのポートでサービスを起動しているため、直接開いてください。",
  "command.preview.serviceStart": "サービスが開始されます。ブラウザがまだ開いていない場合は、クロームブラウザで手動で下記リンクを開く localhost:{port}",
  "command.publish.loginMessage": "まだログインしていません。[datav login] コマンドを使用してログインしてください。",
  "command.publish.publishing": "公開中...",
  "command.publish.regionError": "region が正しくありません。再度ご確認ください。",
  "command.publish.regionMessage": "region: {region} を公開中です。",
  "command.success.setting": "設定成功",
  "command.version.localLatest": "ローカルは最新バージョン: {newVersion}",
  "common.action.cancel": "キャンセル",
  "common.comType.all": "すべて",
  "common.comType.area": "面チャート",
  "common.comType.bar": "縦棒グラフ",
  "common.comType.boadTurning": "ボード回転",
  "common.comType.chart": "標準チャート",
  "common.comType.description": "分類の説明",
  "common.comType.digital": "1 桁",
  "common.comType.favorite": "お気に入り",
  "common.comType.force": "力指向",
  "common.comType.groupSort": "グループ化と並べ替え",
  "common.comType.headline": "見出し",
  "common.comType.image": "画像",
  "common.comType.indicator": "インジケーター",
  "common.comType.interact": "インタラクション",
  "common.comType.label": "タイトル",
  "common.comType.line": "折れ線グラフ",
  "common.comType.map": "マップ",
  "common.comType.material": "マテリアル",
  "common.comType.media": "メディア",
  "common.comType.metrics": "メトリック",
  "common.comType.more": "その他のウィジェット",
  "common.comType.others": "その他",
  "common.comType.pie": "円グラフ",
  "common.comType.planeMap": "平面マッピング",
  "common.comType.progressBar": "進捗バー",
  "common.comType.relationshipNetwork": "関係ネットワーク",
  "common.comType.scatter": "散布図",
  "common.comType.secondaryImage": "補助画像",
  "common.comType.simpleSort": "簡易ソート",
  "common.comType.table": "表",
  "common.comType.text": "テキスト",
  "common.comType.tree": "ツリーチャート",
  "common.comType.video": "ビデオ",
  "common.login.duplicate": "このエイリアスのアカウント情報はすでに存在します。",
  "common.login.nickname": "エイリアス",
  "common.login.token": "開発者トークン",
  "common.login.username": "UID",
  "command.login.server": "カスタムサービスにログインしています。サーバーのドメイン名を入力してください。",
  "common.preview.bindableEvents": "インタラクションイベント",
  "common.preview.chartSize": "サイズ",
  "common.preview.chatInfo": "基本属性",
  "common.preview.comType": "ウィジェットタイプ",
  "common.preview.data": "データ",
  "common.preview.dataCompleted": "完了しました",
  "common.preview.dataIncomplete": "完了していません",
  "common.preview.dsConfComplete": "設定が完了しました",
  "common.preview.dsConfIncomplete": "設定が完了していません",
  "common.preview.dsDescription": "説明",
  "common.preview.dsField": "フィールド",
  "common.preview.dsMatchSuccessed": "マッチングが成功しました",
  "common.preview.dsMatching": "マッチング",
  "common.preview.dsNoFoundField": "フィールドが見つかりません",
  "common.preview.dsOptional": "オプション",
  "common.preview.dsRandom": "ランダム",
  "common.preview.dsStatus": "ステータス",
  "common.preview.height": "高さ",
  "common.preview.icon": "アイコン",
  "common.preview.iconSize": "画像の大きさは 316×238、サイズは 2 MB 未満にしてください。",
  "common.preview.imageSize": "画像サイズは 200 KB を超えてはなりません。",
  "common.preview.interact": "インタラクション",
  "common.preview.interactDescription": "フィールドの説明",
  "common.preview.interactNoAvailable": "このウィジェットにインタラクションイベントはありません。",
  "common.preview.largeSize": "データサイズは 512 KB を超えてはなりません。",
  "common.preview.minChartSize": "最小サイズ",
  "common.preview.minHeight": "最小の高さ",
  "common.preview.minWidth": "最小の幅",
  "common.preview.noStyleMessage": "このウィジェットは設定スタイルがないため、package.json で設定してください。",
  "common.preview.public": "公開",
  "common.preview.publishFail": "公開に失敗しました",
  "common.preview.publishSuccess": "公開に成功しました",
  "common.preview.save": "保存",
  "common.preview.style": "設定",
  "common.preview.syncFail": "同期に失敗しました",
  "common.preview.syncSuccess": "同期に成功しました",
  "common.preview.typeErrorMessage": "ウィジェットタイプの選択エラー",
  "common.preview.version": "バージョン",
  "common.preview.width": "幅",
  "command.package.success": "パッケージの成功",
  "common.gui.add": "追加",
  "common.gui.angle": "角度",
  "common.gui.cancel": "キャンセル",
  "common.gui.change": "変更",
  "common.gui.childAdd": "サブコンポーネントを追加",
  "common.gui.childChoose": "コンポーネントを選択",
  "common.gui.childManage": "サブコンポーネント管理",
  "common.gui.color": "カラー",
  "common.gui.confirm": "OK",
  "common.gui.delete": "削除",
  "common.gui.deleteImageConfirm": "画像を削除しますか",
  "common.gui.dragFile": "背景画像をアップロード",
  "common.gui.from": "から",
  "common.gui.globalColors": "グローバル色",
  "common.gui.globalColorsFull": "がいっぱいです。",
  "common.gui.gradientFill": "グラディエントフィル",
  "common.gui.imageSize": "クリックまたはファイルをここにドロップしてアップロード（イメージサイズ200KB以下）",
  "common.gui.keyboardWarning": "1つまたは2つのキーの組み合わせのみをサポートします",
  "common.gui.listEmpty": "空",
  "common.gui.max": "最大値",
  "common.gui.min": "最小値",
  "common.gui.notExist": "存在しない",
  "common.gui.recentColors": "最近使用",
  "common.gui.select": "選択してください",
  "common.gui.selectOrInput": "選択または入力",
  "common.gui.setNewKeys": "新しいトリガーキーを入力してください",
  "common.gui.solidFill": "カラー塗りつぶし",
  "common.gui.style": "スタイル",
  "common.gui.textUrl": "画像のURLを入力",
  "common.gui.to": "へ",
  "common.gui.uploadExceed": "2MB以下の画像をアップロードしてください\n",
  "common.gui.uploadFail": "アップロードに失敗しました",
  "common.gui.uploading": "アップロード中...",
  "common.gui.completeConfig": "完全な構成",
  "common.gui.simpleConfig": "簡略化された構成",
  "common.gui.simplifiedConfig": "簡略化された構成",
  "common.gui.edit": "編集",
  "common.gui.back": "戻る",
  "common.gui.abandon": "現在の編集結果を破棄してもよろしいですか？",
  "common.gui.previous": "前のステップ",
  "common.gui.next": "次のステップ",
  "common.gui.focusInLeft": "左側のパネルで見つけます",
  "common.gui.keepInSimple": "簡略化された構成で維持",
  "common.gui.removeFromSimple": "簡略化された構成から削除する",
  "common.gui.upInSimple": "レベルアップ",
  "common.gui.cancelUpInSimple": "レベルアップをキャンセル",
  "common.gui.completeConfigPreivew": "完全な構成プレビュー（読み取り専用）",
  "common.gui.focusInRight": "右側のツリーで構成を見つけます",
  "common.gui.enterKeywords": "キーワードを入力してください",
  "common.gui.simpleConfigPreview": "簡略化された構成プレビュー（読み取り専用）",
  "common.gui.quickSetting": "クイック構成",
  "common.gui.chartColor": "かおいろ",
  "common.gui.chartFont": "フォント",
  "common.gui.chartComplexity": "複雑さ",
  "common.gui.fontFamily": "フォントファミリー",
  "common.gui.fontWeight": "重さ",
  "common.gui.fontSize": "サイズ",
  "common.gui.fontColor": "かおいろ",
  "common.gui.darkColor": "ダーク",
  "common.gui.lightColor": "明り",
  "common.gui.L0": "簡略",
  "common.gui.L1": "通常",
  "common.gui.L2": "詳細",
  "theme.system.blue": "あい",
  "theme.system.green": "みどり",
  "theme.system.purple": "むらさき",
  "theme.system.orange": "ダイダイ",
  "theme.system.huilv": "スモークグリーン",
  "theme.system.hexu": "かぜかおる",
  "theme.system.qingche": "しゅうは",
  "theme.system.mingcai": "すてんどがらす"
}
