{
  "command.datav.title": "DataV开发工具",
  "command.datav.version": "您的 nodejs 版本为 {nodejsVersion}，请升级nodejs版本到 {minVersion}，{maxVersion} 之间的版本",
  "command.error.dirDuplicateName": "该组件目录已存在",
  "command.error.empty": "不允许为空",
  "command.error.setting": "设置失败",
  "command.error.underline": "不允许存在下划线",
  "command.hello.npm": "如果您感觉检查版本号非常慢，建议您配置npm镜像: npm config set registry https://registry.npmmirror.com, 也可以使用您自己喜欢的镜像。",
  "command.init.comNameMessage": "你要创建的组件名(字母, -, 数字)是:",
  "command.init.descriptionMessage": "你的组件描述是:",
  "command.init.displayNameMessage": "你要创建的组件显示名是:",
  "command.init.exampleVersionError": "您的 datav-cli 版本为 {cliVerion}，远端组件列表要求的版本为 {remoteVersion}，所以可能无法获得最新组件模板， 请更新版本或联系技术支持。",
  "command.init.examplesError": "所以可能无法获得最新组件模板， 请更新版本或联系管理员。",
  "command.init.remoteError": "获取远程组件模板失败",
  "command.init.remoteVersion": "远程组件列表要求版本为",
  "command.init.success": "组件创建完毕",
  "command.init.templateMessage": "请从组件模板中选择你要创建的组件",
  "command.init.versionError": "{name} 的最新版本为 {newVersion}，您的版本为 {nowVersion}。",
  "command.init.yourVersion": "你的 datav-cli 版本为",
  "command.login.cover": "覆盖",
  "command.login.duplicateChoise": "已经有该账户的信息，您选择？",
  "command.login.illegal": "非法别名",
  "command.login.login": "登录",
  "command.login.success": "登录成功",
  "command.login.tokenError": "用户名或token错误",
  "command.login.groupIdError": "token参数groupId校验错误，请检查token后重试",
  "command.login.server": "您正在登录自定义服务，请输入服务器域名。",
  "command.preview.servicePortConflict": "端口冲突，您已经在这个端口启了一个服务，请直接打开",
  "command.preview.serviceStart": "服务启动，如果浏览器还没打开，麻烦手动用 chrome 浏览器打开 localhost:{port}",
  "command.publish.loginMessage": "您还没有登录，请先用[datav login]命令登录。",
  "command.publish.publishing": "发布中...",
  "command.publish.regionError": "region错误，请重新核对。",
  "command.publish.regionMessage": "正在进行 region: {region} 的发布",
  "command.success.setting": "设置成功",
  "command.version.localLatest": "本地为最新版本: {newVersion}",
  "command.version.new": "最新版本为",
  "common.login.needNickname": "需要设置别名吗？",
  "command.locale.setting": "您的语言是？",
  "common.action.cancel": "取消",
  "common.comType.all": "全部",
  "common.comType.area": "区域图",
  "common.comType.bar": "柱形图",
  "common.comType.boadTurning": "翻牌板",
  "common.comType.chart": "常规图表",
  "common.comType.description": "分组说明",
  "common.comType.digital": "单一数字",
  "common.comType.favorite": "收藏",
  "common.comType.force": "力导向",
  "common.comType.groupSort": "分组排序",
  "common.comType.headline": "大标题",
  "common.comType.image": "图片",
  "common.comType.indicator": "指标",
  "common.comType.interact": "交互",
  "common.comType.label": "标题",
  "common.comType.line": "折线图",
  "common.comType.map": "地图",
  "common.comType.material": "素材",
  "common.comType.media": "媒体",
  "common.comType.metrics": "监控指标",
  "common.comType.more": "更多组件",
  "common.comType.others": "其他",
  "common.comType.pie": "饼图",
  "common.comType.planeMap": "平面映射",
  "common.comType.progressBar": "进度条",
  "common.comType.relationshipNetwork": "关系网络",
  "common.comType.scatter": "散点图",
  "common.comType.secondaryImage": "辅助图形",
  "common.comType.simpleSort": "简单排序",
  "common.comType.table": "列表",
  "common.comType.text": "文字",
  "common.comType.tree": "树图",
  "common.comType.video": "视频",
  "common.login.duplicate": "已经有此别名的账户信息了",
  "common.login.nickname": "别名",
  "common.login.token": "开发者识别码",
  "common.login.username": "用户名",
  "common.preview.bindableEvents": "交互事件",
  "common.preview.chartSize": "图表尺寸",
  "common.preview.chatInfo": "基础属性",
  "common.preview.comType": "组件类型",
  "common.preview.data": "数据",
  "common.preview.dataCompleted": "配置完成",
  "common.preview.dataIncomplete": "配置未完成",
  "common.preview.dsConfComplete": "配置完成",
  "common.preview.dsConfIncomplete": "配置未完成",
  "common.preview.dsDescription": "描述",
  "common.preview.dsField": "字段",
  "common.preview.dsMatchSuccessed": "匹配成功",
  "common.preview.dsMatching": "匹配中",
  "common.preview.dsNoFoundField": "未找到字段",
  "common.preview.dsOptional": "可选",
  "common.preview.dsRandom": "任意",
  "common.preview.dsStatus": "状态",
  "common.preview.height": "高度",
  "common.preview.icon": "图标",
  "common.preview.iconSize": "图片尺寸最好为316x238，大小小于2mb。",
  "common.preview.imageSize": "图片大小不得超过 200KB",
  "common.preview.interact": "交互",
  "common.preview.interactDescription": "字段说明",
  "common.preview.interactNoAvailable": "该组件目前还没有交互事件。",
  "common.preview.largeSize": "Data size  shall not exceed 512 KB",
  "common.preview.minChartSize": "最小尺寸",
  "common.preview.minHeight": "最小高度",
  "common.preview.minWidth": "最小宽度",
  "common.preview.noStyleMessage": "该组件目前没有配置样式，请到 package.json 中配置。",
  "common.preview.public": "发布",
  "common.preview.publishFail": "发布失败",
  "common.preview.publishSuccess": "发布成功",
  "common.preview.save": "保存",
  "common.preview.style": "配置",
  "common.preview.syncFail": "同步失败",
  "common.preview.syncSuccess": "同步成功",
  "common.preview.typeErrorMessage": "组件类型选择错误",
  "common.preview.version": "版本",
  "common.preview.width": "宽度",
  "command.package.success": "打包成功",
  "common.gui.add": "添加",
  "common.gui.angle": "角度",
  "common.gui.cancel": "取消",
  "common.gui.change": "更改",
  "common.gui.childAdd": "添加子组件",
  "common.gui.childChoose": "选择组件",
  "common.gui.childManage": "子组件管理",
  "common.gui.color": "颜色",
  "common.gui.confirm": "确定",
  "common.gui.delete": "删除",
  "common.gui.deleteImageConfirm": "是否删除图片",
  "common.gui.dragFile": "点击或拖拽文件到这里更换",
  "common.gui.from": "从",
  "common.gui.globalColors": "全局色彩",
  "common.gui.globalColorsFull": "已满",
  "common.gui.gradientFill": "渐变填充",
  "common.gui.imageSize": "点击或图片拖拽到这里替换，大小200K以内",
  "common.gui.keyboardWarning": "仅支持单键或双键组合的形式",
  "common.gui.listEmpty": "列表为空",
  "common.gui.max": "最大值",
  "common.gui.min": "最小值",
  "common.gui.notExist": "不存在",
  "common.gui.recentColors": "最近使用",
  "common.gui.select": "请选择",
  "common.gui.selectOrInput": "选择或输入",
  "common.gui.setNewKeys": "请输入新的触发键",
  "common.gui.solidFill": "颜色填充",
  "common.gui.style": "样式",
  "common.gui.textUrl": "输入图片地址",
  "common.gui.to": "到",
  "common.gui.uploadExceed": "请上传2MB以下的图片",
  "common.gui.uploadFail": "上传图片失败",
  "common.gui.uploading": "图片上传中...",
  "common.gui.completeConfig": "全量配置",
  "common.gui.simpleConfig": "简化配置",
  "common.gui.simplifiedConfig": "精简配置项",
  "common.gui.edit": "编辑",
  "common.gui.back": "退出",
  "common.gui.abandon": "确认放弃当前编辑结果么？",
  "common.gui.previous": "上一步",
  "common.gui.next": "下一步",
  "common.gui.focusInLeft": "在左侧面板中定位",
  "common.gui.keepInSimple": "在精简配置中保留",
  "common.gui.removeFromSimple": "在精简配置中移除",
  "common.gui.upInSimple": "层级提升",
  "common.gui.cancelUpInSimple": "取消层级提升",
  "common.gui.completeConfigPreivew": "全量配置预览(只读)",
  "common.gui.focusInRight": "在右侧树中定位配置",
  "common.gui.enterKeywords": "输入关键字",
  "common.gui.simpleConfigPreview": "简化配置预览(只读)",
  "common.gui.quickSetting": "快捷配置",
  "common.gui.chartColor": "图表颜色",
  "common.gui.chartFont": "图表文字",
  "common.gui.chartComplexity": "图表信息",
  "common.gui.fontFamily": "字体",
  "common.gui.fontWeight": "粗细",
  "common.gui.fontSize": "大小",
  "common.gui.fontColor": "颜色",
  "common.gui.darkColor": "暗色",
  "common.gui.lightColor": "亮色",
  "common.gui.L0": "简单",
  "common.gui.L1": "通用",
  "common.gui.L2": "详细",
  "theme.system.blue": "科技蓝",
  "theme.system.green": "炫酷绿",
  "theme.system.purple": "炫酷紫",
  "theme.system.orange": "活力橙",
  "theme.system.huilv": "灰绿",
  "theme.system.hexu": "和煦",
  "theme.system.qingche": "清澈",
  "theme.system.mingcai": "明彩"
}
